rpId,appId,
1,32,
1,33,
1,34,
1,35,
1,36,
1,37,
2,29,
2,30,
2,31,
3,13,
3,14,
3,15,
3,16,
3,17,
3,18,
3,19,
3,20,
3,21,
3,22,
3,23,
3,24,
3,25,
3,26,
3,27,
3,28,
4,1,
4,2,
4,3,
4,4,
4,5,
4,6,
4,7,
4,8,
4,9,
4,10,
4,11,
4,12,
5,39,
5,41,
5,42,
5,43,
5,44,
5,45,
5,46,
6,47,
6,48,
6,49,
6,50,
6,51,
6,52,
6,53,
6,54,
6,55,
6,56,
7,58,
6,57,
7,59,
7,60,
7,61,
7,62,
7,63,
8,64,
8,65,
8,66,
8,67,
9,68,
9,69,
9,70,
9,71,
9,72,
9,73,
9,74,
9,75,
9,76,
9,77,
9,78,
10,79,
10,80,
10,81,
10,82,
10,83,
10,84,
10,85,
10,86,
10,87,
10,88,
11,89,
11,90,
11,91,
11,92,
11,93,
11,94,
11,95,
11,96,
12,97,
12,98,
12,99,
12,100,
12,101,
12,102,
12,103,
